"ds","Actual","Fitted","Error","AbsError","SqError","PctError","AbsPctError"
2008-12-01,98.1,97.595384945133,0.504615054867003,0.504615054867003,0.254636353598428,0.514388435134559,0.514388435134559
2009-01-01,98,98.0065617741582,-0.00656177415818604,0.00656177415818604,4.30568801030381e-05,-0.00669568791651637,0.00669568791651637
2009-02-01,98.2,98.289341121695,-0.0893411216949858,0.0893411216949858,0.00798183602571825,-0.0909787389969305,0.0909787389969305
2009-03-01,98,98.1630075513136,-0.163007551313555,0.163007551313555,0.0265714617852413,-0.16633423603424,0.16633423603424
2009-04-01,97.8,97.8664002834595,-0.0664002834594868,0.0664002834594868,0.00440899764350019,-0.0678939503675734,0.0678939503675734
2009-05-01,98,98.0043173607969,-0.00431736079694645,0.00431736079694645,1.863960425101e-05,-0.00440547020096576,0.00440547020096576
2009-06-01,98.1,98.1081810421986,-0.00818104219860061,0.00818104219860061,6.69294514552839e-05,-0.00833949255718716,0.00833949255718716
2009-07-01,98.2,98.2068670912548,-0.0068670912547617,0.0068670912547617,4.71569423012247e-05,-0.00699296461788361,0.00699296461788361
2009-08-01,98.3,98.400535822305,-0.100535822305048,0.100535822305048,0.0101074515665522,-0.102274488611442,0.102274488611442
2009-09-01,98.6,98.4886444510961,0.111355548903902,0.111355548903902,0.0124000582716892,0.112936662174342,0.112936662174342
2009-10-01,98.7,98.6633900987368,0.0366099012631764,0.0366099012631764,0.00134028487049953,0.0370920985442517,0.0370920985442517
2009-11-01,98.9,98.9066535951384,-0.00665359513838837,0.00665359513838837,4.42703282655853e-05,-0.00672759872435629,0.00672759872435629
2009-12-01,99.1,99.0530476591854,0.0469523408146273,0.0469523408146273,0.00220452230797292,0.0473787495606734,0.0473787495606734
2010-01-01,99.4,99.3351986110715,0.0648013889285153,0.0648013889285153,0.0041992200070647,0.0651925441936773,0.0651925441936773
2010-02-01,99.4,99.5384994512499,-0.138499451249871,0.138499451249871,0.0191820979965153,-0.139335464034075,0.139335464034075
2010-03-01,99.4,99.4523771651101,-0.0523771651100589,0.0523771651100589,0.00274336742496637,-0.0526933250604214,0.0526933250604214
2010-04-01,99.4,99.4928547993909,-0.0928547993908495,0.0928547993908495,0.00862201376991491,-0.0934152911376756,0.0934152911376756
2010-05-01,99.6,99.6984400308719,-0.0984400308718847,0.0984400308718847,0.00969043967805761,-0.09883537236133,0.09883537236133
2010-06-01,99.7,99.7870312222585,-0.0870312222584602,0.0870312222584602,0.00757443364780149,-0.0872931015631496,0.0872931015631496
2010-07-01,100,99.9791669259562,0.020833074043793,0.020833074043793,0.000434016974114161,0.020833074043793,0.020833074043793
2010-08-01,100.3,100.21307619251,0.086923807489697,0.086923807489697,0.0075557483085059,0.0866638160415723,0.0866638160415723
2010-09-01,100.4,100.428729946698,-0.0287299466984621,0.0287299466984621,0.000825409837296472,-0.0286154847594244,0.0286154847594244
2010-10-01,100.6,100.811185722839,-0.211185722838735,0.211185722838735,0.044599409530919,-0.209926165843673,0.209926165843673
2010-11-01,100.8,101.284128569842,-0.484128569841829,0.484128569841829,0.234380472137095,-0.480286279604989,0.480286279604989
2010-12-01,101.2,101.628447861526,-0.428447861525584,0.428447861525584,0.183567570045846,-0.423367452100379,0.423367452100379
2011-01-01,101.8,101.928402997802,-0.128402997802084,0.128402997802084,0.016487329844562,-0.126132610807548,0.126132610807548
2011-02-01,102.3,102.203192111101,0.0968078888985247,0.0968078888985247,0.00937176735298909,0.0946313674472382,0.0946313674472382
2011-03-01,102.4,102.133620535247,0.266379464752944,0.266379464752944,0.0709580192420651,0.260136196047797,0.260136196047797
2011-04-01,102.6,102.478222909427,0.121777090573303,0.121777090573303,0.0148296597884985,0.118691121416475,0.118691121416475
2011-05-01,102.9,102.714093653498,0.185906346502378,0.185906346502378,0.0345611696698622,0.180667003403672,0.180667003403672
2011-06-01,103.2,102.753393241058,0.446606758941698,0.446606758941698,0.199457597132408,0.432758487346607,0.432758487346607
2011-07-01,103.4,103.007500729634,0.392499270366272,0.392499270366272,0.154055677238056,0.379593104802971,0.379593104802971
2011-08-01,103.6,103.249112473221,0.350887526779189,0.350887526779189,0.123122056449216,0.338694523918136,0.338694523918136
2011-09-01,103.9,103.4454010782,0.454598921800311,0.454598921800311,0.206660179702006,0.43753505466825,0.43753505466825
2011-10-01,104,103.893080970371,0.10691902962941,0.10691902962941,0.0114316788968946,0.102806759259048,0.102806759259048
2011-11-01,104.1,104.297534646174,-0.197534646173949,0.197534646173949,0.0390199364390673,-0.189754703337127,0.189754703337127
2011-12-01,104.2,104.547861454944,-0.347861454943498,0.347861454943498,0.121007591835407,-0.333840167892033,0.333840167892033
2012-01-01,104.5,104.566074159537,-0.0660741595370951,0.0660741595370951,0.00436579455853349,-0.0632288608010479,0.0632288608010479
2012-02-01,104.5,104.616916167415,-0.116916167414843,0.116916167414843,0.0136693902029755,-0.11188149991851,0.11188149991851
2012-03-01,104.5,104.890378023082,-0.390378023081809,0.390378023081809,0.152395000905261,-0.373567486202688,0.373567486202688
2012-04-01,104.5,104.349380940663,0.150619059336705,0.150619059336705,0.0226861010354739,0.144133071135603,0.144133071135603
2012-05-01,104.7,104.503610606221,0.196389393778745,0.196389393778745,0.0385687939887828,0.187573442004532,0.187573442004532
2012-06-01,104.8,104.713983616758,0.0860163832417697,0.0860163832417697,0.00739881818599501,0.0820767015665742,0.0820767015665742
2012-07-01,104.8,104.809026577263,-0.00902657726319944,0.00902657726319944,8.14790970885091e-05,-0.00861314624351092,0.00861314624351092
2012-08-01,105,105.055230846066,-0.0552308460658111,0.0552308460658111,0.00305044635714532,-0.0526008057769629,0.0526008057769629
2012-09-01,105.2,105.168410252386,0.0315897476137081,0.0315897476137081,0.000997912154297779,0.0300282771993423,0.0300282771993423
2012-10-01,105.4,105.282951196666,0.117048803333816,0.117048803333816,0.0137004223618783,0.11105199557288,0.11105199557288
2012-11-01,105.5,105.446148498719,0.0538515012809313,0.0538515012809313,0.00289998419021015,0.0510440770435368,0.0510440770435368
2012-12-01,105.5,105.535962283816,-0.0359622838159339,0.0359622838159339,0.00129328585725778,-0.0340874728113118,0.0340874728113118
2013-01-01,105.9,106.082018581119,-0.182018581118868,0.182018581118868,0.0331307638725259,-0.171877791424804,0.171877791424804
2013-02-01,106.1,106.499677396934,-0.399677396933598,0.399677396933598,0.159742021619617,-0.376698771850705,0.376698771850705
2013-03-01,106.2,106.495170443061,-0.295170443061366,0.295170443061366,0.0871255904570431,-0.277938270302604,0.277938270302604
2013-04-01,106.3,106.333442643485,-0.0334426434851736,0.0334426434851736,0.00111841040327642,-0.0314606241629102,0.0314606241629102
2013-05-01,106.6,106.601888238511,-0.00188823851058828,0.00188823851058828,3.56544467286865e-06,-0.00177133068535486,0.00177133068535486
2013-06-01,106.7,106.84063138819,-0.140631388190457,0.140631388190457,0.0197771873443749,-0.13180073869771,0.13180073869771
2013-07-01,106.9,107.116339505517,-0.216339505516643,0.216339505516643,0.0468027816471857,-0.202375589819124,0.202375589819124
2013-08-01,107,107.492931072635,-0.49293107263496,0.49293107263496,0.242981042369052,-0.460683245453233,0.460683245453233
2013-09-01,107.9,107.763962537494,0.136037462505953,0.136037462505953,0.0185061912050587,0.126077351720068,0.126077351720068
2013-10-01,108.3,108.115730284555,0.184269715445282,0.184269715445282,0.0339553280302853,0.170147475018728,0.170147475018728
2013-11-01,108.6,108.541916617024,0.0580833829758802,0.0580833829758802,0.00337367937792277,0.0534837780625048,0.0534837780625048
2013-12-01,108.9,108.865332780492,0.0346672195084494,0.0346672195084494,0.00120181610844702,0.0318339940389802,0.0318339940389802
2014-01-01,109.5,109.330406568445,0.169593431554901,0.169593431554901,0.0287619320265669,0.154879846168859,0.154879846168859
2014-02-01,109.8,109.646549024973,0.153450975027198,0.153450975027198,0.0235472017367977,0.139754986363568,0.139754986363568
2014-03-01,109.9,109.580006985897,0.319993014102593,0.319993014102593,0.102395529074462,0.291167437763961,0.291167437763961
2014-04-01,109.9,109.642162750858,0.257837249141872,0.257837249141872,0.0664800470450477,0.234610781748746,0.234610781748746
2014-05-01,110,109.86872681848,0.131273181520157,0.131273181520157,0.0172326481864242,0.119339255927416,0.119339255927416
2014-06-01,110.2,109.978996140546,0.221003859454328,0.221003859454328,0.0488427058937083,0.200547966836958,0.200547966836958
2014-07-01,110.3,110.192110680384,0.107889319616021,0.107889319616021,0.0116401052872079,0.0978144330154315,0.0978144330154315
2014-08-01,110.5,110.447698077617,0.0523019223828811,0.0523019223828811,0.00273549108494492,0.047332056455096,0.047332056455096
2014-09-01,110.7,110.566333723508,0.133666276492377,0.133666276492377,0.0178666734713366,0.12074641056222,0.12074641056222
2014-10-01,111.3,110.854901007747,0.445098992253406,0.445098992253406,0.198113112904998,0.399909247307643,0.399909247307643
2014-11-01,111.9,111.230825746452,0.669174253547538,0.669174253547538,0.447794181610905,0.598010950444628,0.598010950444628
2014-12-01,111.8,111.481256546236,0.318743453764426,0.318743453764426,0.101597389317675,0.285101479216839,0.285101479216839
2015-01-01,110.6,111.684193574215,-1.08419357421468,1.08419357421468,1.1754757063684,-0.980283520989765,0.980283520989765
2015-02-01,109.9,111.861964579217,-1.96196457921673,1.96196457921673,3.84930501010107,-1.78522709664852,1.78522709664852
2015-03-01,110.9,111.704763744255,-0.804763744254771,0.804763744254771,0.647644684066959,-0.725666135486719,0.725666135486719
2015-04-01,111.9,112.112175745715,-0.212175745714546,0.212175745714546,0.0450185470695238,-0.189611926465189,0.189611926465189
2015-05-01,112.3,112.408830000057,-0.108830000057466,0.108830000057466,0.0118439689125081,-0.0969100623842086,0.0969100623842086
2015-06-01,113,112.510939214898,0.489060785101728,0.489060785101728,0.239180451524318,0.432797154957281,0.432797154957281
2015-07-01,113.9,112.825830213746,1.07416978625426,1.07416978625426,1.15384072970152,0.943081462909797,0.943081462909797
2015-08-01,113.9,113.130251584613,0.769748415386957,0.769748415386957,0.592512622990731,0.675810724659312,0.675810724659312
2015-09-01,113.6,113.389349816873,0.210650183126873,0.210650183126873,0.0443734996513851,0.185431499231402,0.185431499231402
2015-10-01,114.1,113.897813219315,0.202186780684812,0.202186780684812,0.0408794942836883,0.177201385350405,0.177201385350405
2015-11-01,114.8,114.274572716013,0.525427283987085,0.525427283987085,0.276073830758045,0.457689271765754,0.457689271765754
2015-12-01,114.8,114.498098706294,0.30190129370645,0.30190129370645,0.0911443911416283,0.26298022099865,0.26298022099865
2016-01-01,114.5,114.488617231782,0.0113827682184677,0.0113827682184677,0.000129567412315359,0.00994128228687138,0.00994128228687138
2016-02-01,114.5,114.511765060553,-0.0117650605531452,0.0117650605531452,0.000138416649819173,-0.0102751620551486,0.0102751620551486
2016-03-01,113.8,114.759319458348,-0.959319458347949,0.959319458347949,0.920293823165002,-0.842987221746879,0.842987221746879
2016-04-01,114.3,114.190628196824,0.109371803175932,0.109371803175932,0.0119621913299549,0.0956883667330991,0.0956883667330991
2016-05-01,114.6,114.575953716906,0.0240462830937531,0.0240462830937531,0.000578223730624917,0.020982795020727,0.020982795020727
2016-06-01,114.8,115.025125774378,-0.225125774378398,0.225125774378398,0.0506816142894734,-0.19610259092195,0.19610259092195
2016-07-01,115.1,115.351264586757,-0.25126458675679,0.25126458675679,0.0631338925580603,-0.21830111794682,0.21830111794682
2016-08-01,115.6,115.836267902493,-0.23626790249331,0.23626790249331,0.0558225217485883,-0.204383998696635,0.204383998696635
2016-09-01,115.3,116.18824635575,-0.888246355749544,0.888246355749544,0.788981588502346,-0.770378452514782,0.770378452514782
2016-10-01,115.7,116.533883151901,-0.83388315190119,0.83388315190119,0.695361111024664,-0.720728739759024,0.720728739759024
2016-11-01,116.8,116.935879500889,-0.135879500889189,0.135879500889189,0.0184632387618951,-0.116335189117456,0.116335189117456
2016-12-01,116.8,117.257520053422,-0.457520053421689,0.457520053421689,0.209324599282985,-0.391712374504871,0.391712374504871
2017-01-01,118.1,117.909361563516,0.190638436483908,0.190638436483908,0.0363430134650292,0.161421199393657,0.161421199393657
2017-02-01,119.6,118.432805592123,1.16719440787729,1.16719440787729,1.36234278578002,0.975915056753587,0.975915056753587
2017-03-01,119.4,118.523846572385,0.876153427614682,0.876153427614682,0.767644828720956,0.73379684054831,0.73379684054831
2017-04-01,119.2,118.467903985602,0.732096014398451,0.732096014398451,0.535964574298097,0.614174508723532,0.614174508723532
2017-05-01,119,118.8387223672,0.161277632800093,0.161277632800093,0.0260104748416017,0.135527422521087,0.135527422521087
2017-06-01,118.7,119.183250729673,-0.483250729672562,0.483250729672562,0.233531267729064,-0.407119401577559,0.407119401577559
2017-07-01,118.7,119.377328889948,-0.677328889948356,0.677328889948356,0.458774425158672,-0.570622485213442,0.570622485213442
2017-08-01,119.8,119.669569501448,0.130430498552073,0.130430498552073,0.0170121149525423,0.108873538023433,0.108873538023433
2017-09-01,120.1,119.856250010689,0.243749989311198,0.243749989311198,0.059414057289209,0.202955861208324,0.202955861208324
2017-10-01,120,120.1263878007,-0.126387800699632,0.126387800699632,0.0159738761656899,-0.105323167249693,0.105323167249693
2017-11-01,120.8,120.46822317755,0.331776822450038,0.331776822450038,0.110075859915044,0.274649687458641,0.274649687458641
2017-12-01,120.9,120.710009383968,0.189990616031778,0.189990616031778,0.0360964341801346,0.15714691152339,0.15714691152339
2018-01-01,121.3,121.090732216304,0.209267783696021,0.209267783696021,0.0437930052930445,0.172520843937362,0.172520843937362
2018-02-01,121.3,121.138113206227,0.161886793773121,0.161886793773121,0.026207333998141,0.133459846474131,0.133459846474131
2018-03-01,120.9,120.828818874735,0.0711811252648147,0.0711811252648147,0.00506675259396524,0.0588760341313604,0.0588760341313604
2018-04-01,120.9,120.622213173091,0.277786826908908,0.277786826908908,0.0771655212041198,0.229765779080983,0.229765779080983
2018-05-01,121.1,120.588685498838,0.511314501161706,0.511314501161706,0.261442519098245,0.422225021603391,0.422225021603391
2018-06-01,119.6,120.430193354299,-0.830193354298757,0.830193354298757,0.689221005521821,-0.694141600584245,0.694141600584245
2018-07-01,119.8,120.383216152262,-0.583216152262054,0.583216152262054,0.340141080259355,-0.486824834943284,0.486824834943284
2018-08-01,120,120.37004208289,-0.370042082890336,0.370042082890336,0.136931143109818,-0.308368402408613,0.308368402408613
2018-09-01,120.5,120.391879376832,0.108120623168332,0.108120623168332,0.0116900691543086,0.0897266582309813,0.0897266582309813
2018-10-01,120.7,120.586770836603,0.113229163396639,0.113229163396639,0.0128208434435028,0.0938104087793197,0.0938104087793197
2018-11-01,121,120.865897223359,0.134102776640617,0.134102776640617,0.0179835547027232,0.110828741025303,0.110828741025303
2018-12-01,121.1,121.022652198675,0.0773478013247626,0.0773478013247626,0.00598268236977495,0.0638710167834538,0.0638710167834538
2019-01-01,120.5,121.128790874705,-0.628790874704734,0.628790874704734,0.395377964111944,-0.521818153281937,0.521818153281937
2019-02-01,120.8,121.209763527757,-0.409763527757207,0.409763527757207,0.167906148680031,-0.339208218342059,0.339208218342059
2019-03-01,121.1,121.065800591442,0.0341994085580666,0.0341994085580666,0.00116959954572156,0.0282406346474538,0.0282406346474538
2019-04-01,121.1,121.328041108959,-0.228041108959175,0.228041108959175,0.0520027473753304,-0.188308099883712,0.188308099883712
2019-05-01,121.4,121.484206830454,-0.0842068304540078,0.0842068304540078,0.00709079029511001,-0.0693631222850147,0.0693631222850147
2019-06-01,121.4,121.441144561352,-0.0411445613524251,0.0411445613524251,0.00169287492888347,-0.0338917309328048,0.0338917309328048
2019-07-01,121.5,121.615547027352,-0.115547027352108,0.115547027352108,0.0133511155299087,-0.0951004340346564,0.0951004340346564
2019-08-01,121.8,121.774796914277,0.0252030857233763,0.0252030857233763,0.000635195529979852,0.0206921886070413,0.0206921886070413
2019-09-01,121.8,121.888723662593,-0.0887236625934236,0.0887236625934236,0.00787188830399167,-0.0728437295512509,0.0728437295512509
2019-10-01,122,121.737509749763,0.262490250236866,0.262490250236866,0.0689011314694123,0.215155942817103,0.215155942817103
2019-11-01,122.1,121.671214537602,0.428785462398395,0.428785462398395,0.183856972764205,0.35117564487993,0.35117564487993
2019-12-01,122.3,121.465977906405,0.834022093594911,0.834022093594911,0.695592852604438,0.681947746193713,0.681947746193713
2020-01-01,122.4,121.013441723033,1.38655827696697,1.38655827696697,1.9225438554256,1.13280904980961,1.13280904980961
2020-02-01,122.4,120.593534842946,1.80646515705433,1.80646515705433,3.26331636365134,1.47587022635158,1.47587022635158
2020-03-01,120.9,120.426618706645,0.473381293355146,0.473381293355146,0.224089848898591,0.391547802609716,0.391547802609716
2020-04-01,117.6,119.414872736262,-1.81487273626196,1.81487273626196,3.29376304882698,-1.54325912947446,1.54325912947446
2020-05-01,117.9,119.6004699768,-1.70046997679955,1.70046997679955,2.89159814199667,-1.44229853842201,1.44229853842201
2020-06-01,119.1,119.843256145407,-0.743256145407045,0.743256145407045,0.552429697685339,-0.624060575488703,0.624060575488703
2020-07-01,119.9,119.96966667824,-0.0696666782395141,0.0696666782395141,0.00485344605692799,-0.0581039851872511,0.0581039851872511
2020-08-01,120.1,120.248284105113,-0.148284105113035,0.148284105113035,0.0219881758291736,-0.123467198262311,0.123467198262311
2020-09-01,120.1,120.393876669504,-0.293876669504328,0.293876669504328,0.0863634968789563,-0.244693313492363,0.244693313492363
2020-10-01,120.2,120.539785186111,-0.339785186110504,0.339785186110504,0.11545397270015,-0.28268318312022,0.28268318312022
2020-11-01,120,120.735395646235,-0.735395646235332,0.735395646235332,0.540806756501882,-0.61282970519611,0.61282970519611
2020-12-01,120.6,120.997281447136,-0.397281447136123,0.397281447136123,0.157832548238572,-0.329420768769588,0.329420768769588
2021-01-01,122.1,121.587376380547,0.512623619453009,0.512623619453009,0.262782975221104,0.419839164171179,0.419839164171179
2021-02-01,122.5,122.04907383247,0.450926167529957,0.450926167529957,0.203334408563255,0.368102993902006,0.368102993902006
2021-03-01,122.9,122.084343711212,0.815656288788276,0.815656288788276,0.665295181439863,0.663674767118206,0.663674767118206
2021-04-01,123.1,121.966654547743,1.13334545225699,1.13334545225699,1.2844719141516,0.920670554229886,0.920670554229886
2021-05-01,123.1,122.277718177713,0.822281822287266,0.822281822287266,0.676147395264067,0.667978734595667,0.667978734595667
2021-06-01,123.2,122.5604999635,0.639500036500053,0.639500036500053,0.408960296683569,0.519074704951341,0.519074704951341
2021-07-01,122.5,122.83233256522,-0.332332565219829,0.332332565219829,0.110444933905592,-0.271291889975371,0.271291889975371
2021-08-01,122.5,123.204919432878,-0.704919432878128,0.704919432878128,0.496911406849222,-0.575444435002554,0.575444435002554
2021-09-01,122.8,123.471946198276,-0.671946198276444,0.671946198276444,0.451511693378167,-0.547187457879841,0.547187457879841
2021-10-01,123.7,123.819838429731,-0.119838429731416,0.119838429731416,0.0143612492404916,-0.0968782778750334,0.0968782778750334
2021-11-01,124,124.242020062741,-0.242020062740806,0.242020062740806,0.0585737107690639,-0.195177469952263,0.195177469952263
2021-12-01,124.5,124.561560710603,-0.061560710602734,0.061560710602734,0.00378972108991357,-0.0494463538977784,0.0494463538977784
2022-01-01,124.9,125.192822931587,-0.292822931587381,0.292822931587381,0.0857452692634278,-0.234445901991498,0.234445901991498
2022-02-01,125.2,125.745235040865,-0.545235040865393,0.545235040865393,0.297281249787486,-0.435491246697598,0.435491246697598
2022-03-01,125.6,125.892097849435,-0.292097849435038,0.292097849435038,0.0853211536445741,-0.232561982034266,0.232561982034266
2022-04-01,125.9,126.190523267146,-0.290523267145545,0.290523267145545,0.0844037687529218,-0.230757162148964,0.230757162148964
2022-05-01,126.6,126.645735385815,-0.0457353858154903,0.0457353858154903,0.00209172551569175,-0.0361258971686337,0.0361258971686337
2022-06-01,127.4,126.992274360631,0.407725639368749,0.407725639368749,0.166240196998655,0.320035823680337,0.320035823680337
2022-07-01,127.9,127.434036951518,0.465963048481754,0.465963048481754,0.217121562550409,0.364318255263295,0.364318255263295
2022-08-01,128.2,127.761417504358,0.438582495642393,0.438582495642393,0.19235460548391,0.342108030922304,0.342108030922304
2022-09-01,128.3,128.012487595762,0.287512404238498,0.287512404238498,0.0826633825910016,0.224093845860092,0.224093845860092
2022-10-01,128.6,128.429217246626,0.170782753374112,0.170782753374112,0.0291667488500429,0.132801518953431,0.132801518953431
2022-11-01,129,128.937576430844,0.0624235691561807,0.0624235691561807,0.00389670198619648,0.0483903636869618,0.0483903636869618
2022-12-01,129.2,129.316169597252,-0.116169597252082,0.116169597252082,0.0134953753257109,-0.0899145489567196,0.0899145489567196
2023-01-01,129.5,129.651541070744,-0.151541070743832,0.151541070743832,0.0229646961221871,-0.117020131848519,0.117020131848519
2023-02-01,129.8,129.961746521257,-0.161746521256873,0.161746521256873,0.0261619371387001,-0.124612111908223,0.124612111908223
2023-03-01,129.9,129.805101139158,0.0948988608421928,0.0948988608421928,0.00900579378914587,0.0730553201248597,0.0730553201248597
2023-04-01,130,130.053300377412,-0.0533003774122847,0.0533003774122847,0.00284093023229198,-0.0410002903171421,0.0410002903171421
2023-05-01,130.2,130.195877764137,0.00412223586300797,0.00412223586300797,1.69928285102691e-05,0.00316607977189552,0.00316607977189552
2023-06-01,130.4,130.138774215773,0.261225784226724,0.261225784226724,0.068238910344867,0.200326521646261,0.200326521646261
2023-07-01,130.5,130.299588347002,0.200411652997587,0.200411652997587,0.0401648306572254,0.153572147890872,0.153572147890872
2023-08-01,130.7,130.444796954664,0.255203045336145,0.255203045336145,0.0651285943488427,0.195258642185268,0.195258642185268
2023-09-01,130.8,130.54468242372,0.255317576280504,0.255317576280504,0.065187064757751,0.195196923761853,0.195196923761853
2023-10-01,130.9,130.899068958543,0.000931041457477022,0.000931041457477022,8.66838195540937e-07,0.000711261617629505,0.000711261617629505
2023-11-01,130.9,131.355227542292,-0.455227542291595,0.455227542291595,0.207232115260846,-0.347767411987468,0.347767411987468
2023-12-01,131.2,131.65559135875,-0.455591358749928,0.455591358749928,0.207563486167605,-0.347249511242323,0.347249511242323
